model_scenario,aem_scenario,model,accuracy,num
All,ZOOP,GLM,0.9799336939452102,0
All,ZOOP,SELMAPROTBAS,0.4046559397466621,0
All,ZOOP,WET,0.8654340010272213,0
All,ZOOP,GLM,0.9928459256674228,1
All,ZOOP,SELMAPROTBAS,0.3984936665525505,1
All,ZOOP,WET,0.8529361410717343,1
All,ZOOP,GLM,0.9748734950270459,2
All,ZOOP,SELMAPROTBAS,0.6834988017802123,2
All,ZOOP,WET,0.7469611367916452,2
All,ZOOP,GLM,0.990054091781539,3
All,ZOOP,SELMAPROTBAS,0.41509756932557346,3
All,ZOOP,WET,0.8443759630200308,3
All,ZOOP,GLM,0.9785377770022684,4
All,ZOOP,SELMAPROTBAS,0.6816158849709004,4
All,ZOOP,WET,0.7454203047423387,4
All,ZOOP,GLM,0.980108183563078,5
All,ZOOP,SELMAPROTBAS,0.6836699760356042,5
All,ZOOP,WET,0.7342920732751241,5
All,ZOOP,GLM,0.9916244983423487,6
All,ZOOP,SELMAPROTBAS,0.4115029099623417,6
All,ZOOP,WET,0.8471152199965759,6
All,ZOOP,GLM,0.9888326644564649,7
All,ZOOP,SELMAPROTBAS,0.4265662444368367,7
All,ZOOP,WET,0.8320493066255779,7
All,ZOOP,GLM,0.9729541092305007,8
All,ZOOP,SELMAPROTBAS,0.6829852790140363,8
All,ZOOP,WET,0.7539804827940421,8
All,ZOOP,GLM,0.9731285988483686,9
All,ZOOP,SELMAPROTBAS,0.6923998630605956,9
All,ZOOP,WET,0.7461051189864749,9
All,CHLA,GLM,0.9289827255278311,0
All,CHLA,SELMAPROTBAS,0.41749400890106125,0
All,CHLA,WET,0.8443759630200308,0
All,CHLA,GLM,0.9387541441284244,1
All,CHLA,SELMAPROTBAS,0.3933584388907908,1
All,CHLA,WET,0.8421503167265879,1
All,CHLA,GLM,0.9321235386494504,2
All,CHLA,SELMAPROTBAS,0.41116056145155766,2
All,CHLA,WET,0.842321520287622,2
All,CHLA,GLM,0.9317745594137149,3
All,CHLA,SELMAPROTBAS,0.40619650804519003,3
All,CHLA,WET,0.847457627118644,3
All,CHLA,GLM,0.9282847670563601,4
All,CHLA,SELMAPROTBAS,0.4109893871961657,4
All,CHLA,WET,0.8488272556069166,4
All,CHLA,GLM,0.9427674053393823,5
All,CHLA,SELMAPROTBAS,0.38993495378295107,5
All,CHLA,WET,0.8353021742852251,5
All,CHLA,GLM,0.9249694643168731,6
All,CHLA,SELMAPROTBAS,0.4294762067785005,6
All,CHLA,WET,0.8426639274096901,6
All,CHLA,GLM,0.9254929331704763,7
All,CHLA,SELMAPROTBAS,0.421773365285861,7
All,CHLA,WET,0.847457627118644,7
All,CHLA,GLM,0.9302041528529053,8
All,CHLA,SELMAPROTBAS,0.4185210544334132,8
All,CHLA,WET,0.8421503167265879,8
All,CHLA,GLM,0.9338684348281278,9
All,CHLA,SELMAPROTBAS,0.41047586442998973,9
All,CHLA,WET,0.8392398561890088,9
All,NO3,GLM,0.6510207642645263,0
All,NO3,SELMAPROTBAS,0.9234851078397809,0
All,NO3,WET,0.5375791816469783,0
All,NO3,GLM,0.7086023381608795,1
All,NO3,SELMAPROTBAS,0.9424854501882917,1
All,NO3,WET,0.45214860469097756,1
All,NO3,GLM,0.6428197522247426,2
All,NO3,SELMAPROTBAS,0.922458062307429,2
All,NO3,WET,0.5434001027221366,2
All,NO3,GLM,0.7070319316000698,3
All,NO3,SELMAPROTBAS,0.8887367339952071,3
All,NO3,WET,0.5177195685670262,3
All,NO3,GLM,0.6808584889199093,4
All,NO3,SELMAPROTBAS,0.9229715850736049,4
All,NO3,WET,0.5113850368087656,4
All,NO3,GLM,0.7164543709649276,5
All,NO3,SELMAPROTBAS,0.9274221157137966,5
All,NO3,WET,0.4858757062146893,5
All,NO3,GLM,0.7435002617344268,6
All,NO3,SELMAPROTBAS,0.9171516603902773,6
All,NO3,WET,0.4756034925526451,6
All,NO3,GLM,0.6627115686616646,7
All,NO3,SELMAPROTBAS,0.9272509414584047,7
All,NO3,WET,0.5211436397877076,7
All,NO3,GLM,0.660443203629384,8
All,NO3,SELMAPROTBAS,0.921773365285861,8
All,NO3,WET,0.5329566854990584,8
All,NO3,GLM,0.6456115861106264,9
All,NO3,SELMAPROTBAS,0.9185210544334133,9
All,NO3,WET,0.5447697312104092,9
All,PO4,GLM,0.8687838073634618,0
All,PO4,SELMAPROTBAS,0.874700445053064,0
All,PO4,WET,0.7216230097586029,0
All,PO4,GLM,0.8546501483161751,1
All,PO4,SELMAPROTBAS,0.8728175282437521,1
All,PO4,WET,0.7455915083033727,1
All,PO4,GLM,0.8762868609317745,2
All,PO4,SELMAPROTBAS,0.8767545361177679,2
All,PO4,WET,0.7096387604862181,2
All,PO4,GLM,0.8612807537951492,3
All,PO4,SELMAPROTBAS,0.8782951044162958,3
All,PO4,WET,0.7310392056154768,3
All,PO4,GLM,0.8659919734775781,4
All,PO4,SELMAPROTBAS,0.8664840807942485,4
All,PO4,WET,0.7341208697140901,4
All,PO4,GLM,0.8775082882568487,5
All,PO4,SELMAPROTBAS,0.875385142074632,5
All,PO4,WET,0.7075843177538093,5
All,PO4,GLM,0.8581399406735299,6
All,PO4,SELMAPROTBAS,0.8721328312221842,6
All,PO4,WET,0.7423386406437253,6
All,PO4,GLM,0.8614552434130169,7
All,PO4,SELMAPROTBAS,0.874700445053064,7
All,PO4,WET,0.7354904982023626,7
All,PO4,GLM,0.8794276740533938,8
All,PO4,SELMAPROTBAS,0.8699075659020883,8
All,PO4,WET,0.7070707070707071,8
All,PO4,GLM,0.8544756586983074,9
All,PO4,SELMAPROTBAS,0.875042793563848,9
All,PO4,WET,0.7442218798151001,9
All,O2,GLM,0.9582969813296109,0
All,O2,SELMAPROTBAS,0.21790482711400205,0
All,O2,WET,0.8092792330080466,0
All,O2,GLM,0.9633571802477753,1
All,O2,SELMAPROTBAS,0.1903457719958918,1
All,O2,WET,0.8193802431090567,1
All,O2,GLM,0.9600418775082883,2
All,O2,SELMAPROTBAS,0.22954467648065732,2
All,O2,WET,0.7844547166581065,2
All,O2,GLM,0.9656255452800558,3
All,O2,SELMAPROTBAS,0.22081478945566588,3
All,O2,WET,0.7856531415853449,3
All,O2,GLM,0.960216367126156,4
All,O2,SELMAPROTBAS,0.218931872646354,4
All,O2,WET,0.7969525766135935,4
All,O2,GLM,0.9532367824114465,5
All,O2,SELMAPROTBAS,0.21841834988017803,5
All,O2,WET,0.8049991439821949,5
All,O2,GLM,0.9539347408829175,6
All,O2,SELMAPROTBAS,0.2329681615884971,6
All,O2,WET,0.8070535867146037,6
All,O2,GLM,0.9677194206944687,7
All,O2,SELMAPROTBAS,0.21448134200616228,7
All,O2,WET,0.7892484163670604,7
All,O2,GLM,0.9631826906299075,8
All,O2,SELMAPROTBAS,0.19650804519000342,8
All,O2,WET,0.8140729327170005,8
All,O2,GLM,0.9621357529227011,9
All,O2,SELMAPROTBAS,0.24529270797672031,9
All,O2,WET,0.7695600068481424,9
All,NH4,GLM,0.9603908567440237,0
All,NH4,SELMAPROTBAS,0.9346114344402602,0
All,NH4,WET,0.9226159904126006,0
All,NH4,GLM,0.9558541266794626,1
All,NH4,SELMAPROTBAS,0.937863745292708,1
All,NH4,WET,0.9155966444102037,1
All,NH4,GLM,0.9652765660443203,2
All,NH4,SELMAPROTBAS,0.9317014720985963,2
All,NH4,WET,0.9238144153398391,2
All,NH4,GLM,0.9565520851509335,3
All,NH4,SELMAPROTBAS,0.936494351249572,3
All,NH4,WET,0.9193631227529533,3
All,NH4,GLM,0.9518408654685047,4
All,NH4,SELMAPROTBAS,0.9380349195480999,4
All,NH4,WET,0.9219311761684643,4
All,NH4,GLM,0.9713837026696912,5
All,NH4,SELMAPROTBAS,0.9241698048613488,5
All,NH4,WET,0.9296353364149974,5
All,NH4,GLM,0.9591694294189496,6
All,NH4,SELMAPROTBAS,0.9361520027387881,6
All,NH4,WET,0.9176510871426126,6
All,NH4,GLM,0.9691153376374105,7
All,NH4,SELMAPROTBAS,0.9320438206093804,7
All,NH4,WET,0.9154254408491697,7
All,NH4,GLM,0.9677194206944687,8
All,NH4,SELMAPROTBAS,0.9303320780554605,8
All,NH4,WET,0.9243280260229413,8
All,NH4,GLM,0.9609143255976269,9
All,NH4,SELMAPROTBAS,0.9347826086956522,9
All,NH4,WET,0.9198767334360555,9
All,RSI,GLM,0.9279357878206247,0
All,RSI,SELMAPROTBAS,0.6427593289969189,0
All,RSI,WET,0.6974833076527992,0
All,RSI,GLM,0.9197347757808411,1
All,RSI,SELMAPROTBAS,0.6444710715508387,1
All,RSI,WET,0.7257318952234206,1
All,RSI,GLM,0.9265398708776827,2
All,RSI,SELMAPROTBAS,0.6420746319753509,2
All,RSI,WET,0.7063858928265708,2
All,RSI,GLM,0.9214796719595184,3
All,RSI,SELMAPROTBAS,0.6506333447449504,3
All,RSI,WET,0.7135764423900017,3
All,RSI,GLM,0.9275868085848892,4
All,RSI,SELMAPROTBAS,0.6239301609038,4
All,RSI,WET,0.7253894881013525,4
All,RSI,GLM,0.9195602861629733,5
All,RSI,SELMAPROTBAS,0.6626155426223896,5
All,RSI,WET,0.7021058038007191,5
All,RSI,GLM,0.9235735473739313,6
All,RSI,SELMAPROTBAS,0.6424169804861349,6
All,RSI,WET,0.7185413456599897,6
All,RSI,GLM,0.9214796719595184,7
All,RSI,SELMAPROTBAS,0.6283806915439918,7
All,RSI,WET,0.736517719568567,7
All,RSI,GLM,0.9251439539347409,8
All,RSI,SELMAPROTBAS,0.6446422458062308,8
All,RSI,WET,0.7120356103406951,8
All,RSI,GLM,0.9233990577560636,9
All,RSI,SELMAPROTBAS,0.6499486477233825,9
All,RSI,WET,0.709467556925184,9
All,T,GLM,0.5320188448787297,0
All,T,SELMAPROTBAS,0.5332078055460459,0
All,T,WET,0.2465331278890601,0
All,T,GLM,0.6771942069446868,1
All,T,SELMAPROTBAS,0.45070181444710716,1
All,T,WET,0.19637048450607772,1
All,T,GLM,0.5716279881347059,2
All,T,SELMAPROTBAS,0.5434782608695652,2
All,T,WET,0.15545283341893512,2
All,T,GLM,0.5946606176932473,3
All,T,SELMAPROTBAS,0.5895241355700103,3
All,T,WET,0.1016949152542373,3
All,T,GLM,0.5173617169778398,4
All,T,SELMAPROTBAS,0.6331735706949675,4
All,T,WET,0.0881698339325458,4
All,T,GLM,0.5962310242540568,5
All,T,SELMAPROTBAS,0.5344060253337898,5
All,T,WET,0.13781886663242596,5
All,T,GLM,0.6133310068050951,6
All,T,SELMAPROTBAS,0.5294419719274222,6
All,T,WET,0.18489984591679506,6
All,T,GLM,0.5376025126504973,7
All,T,SELMAPROTBAS,0.5376583361862376,7
All,T,WET,0.24122581749700395,7
All,T,GLM,0.6171697783981853,8
All,T,SELMAPROTBAS,0.30999657651489215,8
All,T,WET,0.3970210580380072,8
All,T,GLM,0.7541441284243587,9
All,T,SELMAPROTBAS,0.1956521739130435,9
All,T,WET,0.33846944016435543,9
All,T+NUTR,GLM,0.8815215494678067,0
All,T+NUTR,SELMAPROTBAS,0.9743238616912017,0
All,T+NUTR,WET,0.7378873480568395,0
All,T+NUTR,GLM,0.8947827604257547,1
All,T+NUTR,SELMAPROTBAS,0.969188634029442,1
All,T+NUTR,WET,0.733949666153056,1
All,T+NUTR,GLM,0.8621532018844879,2
All,T+NUTR,SELMAPROTBAS,0.9546388223211228,2
All,T+NUTR,WET,0.7647663071391885,2
All,T+NUTR,GLM,0.875937881696039,3
All,T+NUTR,SELMAPROTBAS,0.9488188976377953,3
All,T+NUTR,WET,0.7673343605546995,3
All,T+NUTR,GLM,0.9061245855871576,4
All,T+NUTR,SELMAPROTBAS,0.9664498459431702,4
All,T+NUTR,WET,0.7397705872282143,4
All,T+NUTR,GLM,0.9068225440586285,5
All,T+NUTR,SELMAPROTBAS,0.9472783293392674,5
All,T+NUTR,WET,0.7565485362095532,5
All,T+NUTR,GLM,0.9029837724655383,6
All,T+NUTR,SELMAPROTBAS,0.9553235193426909,6
All,T+NUTR,WET,0.7485019688409519,6
All,T+NUTR,GLM,0.9094398883266446,7
All,T+NUTR,SELMAPROTBAS,0.9608010955152345,7
All,T+NUTR,WET,0.7418250299606232,7
All,T+NUTR,GLM,0.8994939801081836,8
All,T+NUTR,SELMAPROTBAS,0.9570352618966107,8
All,T+NUTR,WET,0.7476459510357816,8
All,T+NUTR,GLM,0.875937881696039,9
All,T+NUTR,SELMAPROTBAS,0.9755220814789456,9
All,T+NUTR,WET,0.7498715973292245,9
All,T+NUTR+MINOR,GLM,0.9849938928633746,0
All,T+NUTR+MINOR,SELMAPROTBAS,0.9914412872304006,0
All,T+NUTR+MINOR,WET,0.9171374764595104,0
All,T+NUTR+MINOR,GLM,0.9829000174489618,1
All,T+NUTR+MINOR,SELMAPROTBAS,0.9900718931872646,1
All,T+NUTR+MINOR,WET,0.926040061633282,1
All,T+NUTR+MINOR,GLM,0.9823765485953586,2
All,T+NUTR+MINOR,SELMAPROTBAS,0.9912701129750086,2
All,T+NUTR+MINOR,WET,0.9190207156308852,2
All,T+NUTR+MINOR,GLM,0.9712092130518234,3
All,T+NUTR+MINOR,SELMAPROTBAS,0.9864772338240329,3
All,T+NUTR+MINOR,WET,0.9270672829994864,3
All,T+NUTR+MINOR,GLM,0.9856918513348456,4
All,T+NUTR+MINOR,SELMAPROTBAS,0.9888736733995207,4
All,T+NUTR+MINOR,WET,0.911316555384352,4
All,T+NUTR+MINOR,GLM,0.9822020589774908,5
All,T+NUTR+MINOR,SELMAPROTBAS,0.984936665525505,5
All,T+NUTR+MINOR,WET,0.9173086800205444,5
All,T+NUTR+MINOR,GLM,0.9822020589774908,6
All,T+NUTR+MINOR,SELMAPROTBAS,0.9878466278671688,6
All,T+NUTR+MINOR,WET,0.9231296010957027,6
All,T+NUTR+MINOR,GLM,0.9799336939452102,7
All,T+NUTR+MINOR,SELMAPROTBAS,0.985107839780897,7
All,T+NUTR+MINOR,WET,0.9239856189008732,7
All,T+NUTR+MINOR,GLM,0.9806316524166812,8
All,T+NUTR+MINOR,SELMAPROTBAS,0.983738445737761,8
All,T+NUTR+MINOR,WET,0.9200479369970895,8
All,T+NUTR+MINOR,GLM,0.9818530797417554,9
All,T+NUTR+MINOR,SELMAPROTBAS,0.9869907565902089,9
All,T+NUTR+MINOR,WET,0.9215887690463962,9
All,T+NUTR+MINOR+SYSTEM,GLM,0.9965102076426453,0
All,T+NUTR+MINOR+SYSTEM,SELMAPROTBAS,0.9926395070181445,0
All,T+NUTR+MINOR+SYSTEM,WET,0.9669577127204246,0
All,T+NUTR+MINOR+SYSTEM,GLM,0.9897051125458035,1
All,T+NUTR+MINOR+SYSTEM,SELMAPROTBAS,0.9910989387196165,1
All,T+NUTR+MINOR+SYSTEM,WET,0.9743194658448896,1
All,T+NUTR+MINOR+SYSTEM,GLM,0.9919734775780841,2
All,T+NUTR+MINOR+SYSTEM,SELMAPROTBAS,0.9919548099965765,2
All,T+NUTR+MINOR+SYSTEM,WET,0.9690121554528334,2
All,T+NUTR+MINOR+SYSTEM,GLM,0.9949398010818357,3
All,T+NUTR+MINOR+SYSTEM,SELMAPROTBAS,0.9897295446764807,3
All,T+NUTR+MINOR+SYSTEM,WET,0.9710665981852422,3
All,T+NUTR+MINOR+SYSTEM,GLM,0.9935438841388937,4
All,T+NUTR+MINOR+SYSTEM,SELMAPROTBAS,0.9929818555289285,4
All,T+NUTR+MINOR+SYSTEM,WET,0.9715802088683445,4
All,T+NUTR+MINOR+SYSTEM,GLM,0.9876112371313907,5
All,T+NUTR+MINOR+SYSTEM,SELMAPROTBAS,0.9969188634029442,5
All,T+NUTR+MINOR+SYSTEM,WET,0.9765451121383325,5
All,T+NUTR+MINOR+SYSTEM,GLM,0.9924969464316873,6
All,T+NUTR+MINOR+SYSTEM,SELMAPROTBAS,0.9929818555289285,6
All,T+NUTR+MINOR+SYSTEM,WET,0.957883923985619,6
All,T+NUTR+MINOR+SYSTEM,GLM,0.9912755191066132,7
All,T+NUTR+MINOR+SYSTEM,SELMAPROTBAS,0.9917836357411846,7
All,T+NUTR+MINOR+SYSTEM,WET,0.9356274610511899,7
All,T+NUTR+MINOR+SYSTEM,GLM,0.9956377595533066,8
All,T+NUTR+MINOR+SYSTEM,SELMAPROTBAS,0.9828825744608011,8
All,T+NUTR+MINOR+SYSTEM,WET,0.9799691833590138,8
All,T+NUTR+MINOR+SYSTEM,GLM,0.9916244983423487,9
All,T+NUTR+MINOR+SYSTEM,SELMAPROTBAS,0.9946935980828483,9
All,T+NUTR+MINOR+SYSTEM,WET,0.9823660332134908,9
GLM-WET,ZOOP,GLM,0.9837724655383004,0
GLM-WET,ZOOP,WET,0.9712378017462763,0
GLM-WET,ZOOP,GLM,0.9849938928633746,1
GLM-WET,ZOOP,WET,0.970381783941106,1
GLM-WET,ZOOP,GLM,0.986040830570581,2
GLM-WET,ZOOP,WET,0.9683273412086971,2
GLM-WET,ZOOP,GLM,0.9855173617169778,3
GLM-WET,ZOOP,WET,0.9688409518917993,3
GLM-WET,ZOOP,GLM,0.986040830570581,4
GLM-WET,ZOOP,WET,0.9681561376476631,4
GLM-WET,ZOOP,GLM,0.9890071540743326,5
GLM-WET,ZOOP,WET,0.9657592877931861,5
GLM-WET,ZOOP,GLM,0.9846449136276392,6
GLM-WET,ZOOP,WET,0.970381783941106,6
GLM-WET,ZOOP,GLM,0.9856918513348456,7
GLM-WET,ZOOP,WET,0.9698681732580038,7
GLM-WET,ZOOP,GLM,0.9818530797417554,8
GLM-WET,ZOOP,WET,0.9726074302345489,8
GLM-WET,ZOOP,GLM,0.9799336939452102,9
GLM-WET,ZOOP,WET,0.9739770587228215,9
GLM-WET,CHLA,GLM,0.9647530971907171,0
GLM-WET,CHLA,WET,0.8834103749357987,0
GLM-WET,CHLA,GLM,0.96684697260513,1
GLM-WET,CHLA,WET,0.8820407464475261,1
GLM-WET,CHLA,GLM,0.96684697260513,2
GLM-WET,CHLA,WET,0.8820407464475261,2
GLM-WET,CHLA,GLM,0.9677194206944687,3
GLM-WET,CHLA,WET,0.8813559322033898,3
GLM-WET,CHLA,GLM,0.9692898272552783,4
GLM-WET,CHLA,WET,0.8791302859099469,4
GLM-WET,CHLA,GLM,0.9640551387192462,5
GLM-WET,CHLA,WET,0.8839239856189008,5
GLM-WET,CHLA,GLM,0.9699877857267493,6
GLM-WET,CHLA,WET,0.8789590823489128,6
GLM-WET,CHLA,GLM,0.9675449310766009,7
GLM-WET,CHLA,WET,0.8815271357644239,7
GLM-WET,CHLA,GLM,0.9677194206944687,8
GLM-WET,CHLA,WET,0.8813559322033898,8
GLM-WET,CHLA,GLM,0.9699877857267493,9
GLM-WET,CHLA,WET,0.879301489470981,9
GLM-WET,NO3,GLM,0.8754144128424359,0
GLM-WET,NO3,WET,0.5961307995206301,0
GLM-WET,NO3,GLM,0.864072587681033,1
GLM-WET,NO3,WET,0.5956171888375278,1
GLM-WET,NO3,GLM,0.8549991275519107,2
GLM-WET,NO3,WET,0.6094846772812874,2
GLM-WET,NO3,GLM,0.8818705287035421,3
GLM-WET,NO3,WET,0.5975004280089026,3
GLM-WET,NO3,GLM,0.8782062467283197,4
GLM-WET,NO3,WET,0.5971580208868345,4
GLM-WET,NO3,GLM,0.844878729715582,5
GLM-WET,NO3,WET,0.6103406950864578,5
GLM-WET,NO3,GLM,0.8417379165939627,6
GLM-WET,NO3,WET,0.613422359185071,6
GLM-WET,NO3,GLM,0.8771593090211133,7
GLM-WET,NO3,WET,0.5971580208868345,7
GLM-WET,NO3,GLM,0.8549991275519107,8
GLM-WET,NO3,WET,0.6038349597671632,8
GLM-WET,NO3,GLM,0.8947827604257547,9
GLM-WET,NO3,WET,0.5820921075158363,9
GLM-WET,PO4,GLM,0.8495899493980108,0
GLM-WET,PO4,WET,0.8267419962335216,0
GLM-WET,PO4,GLM,0.8365032280579305,1
GLM-WET,PO4,WET,0.8402670775552131,1
GLM-WET,PO4,GLM,0.8630256499738266,2
GLM-WET,PO4,WET,0.8068823831535696,2
GLM-WET,PO4,GLM,0.856744023730588,3
GLM-WET,PO4,WET,0.815442561205273,3
GLM-WET,PO4,GLM,0.8462746466585238,4
GLM-WET,PO4,WET,0.8293100496490327,4
GLM-WET,PO4,GLM,0.8614552434130169,5
GLM-WET,PO4,WET,0.8097928436911488,5
GLM-WET,PO4,GLM,0.8539521898447042,6
GLM-WET,PO4,WET,0.8204074644752611,6
GLM-WET,PO4,GLM,0.8436573023905077,7
GLM-WET,PO4,WET,0.8327341208697141,7
GLM-WET,PO4,GLM,0.8454021985691851,8
GLM-WET,PO4,WET,0.8311932888204074,8
GLM-WET,PO4,GLM,0.860757284941546,9
GLM-WET,PO4,WET,0.8096216401301147,9
GLM-WET,O2,GLM,0.9651020764264526,0
GLM-WET,O2,WET,0.9241568224619072,0
GLM-WET,O2,GLM,0.9738265573198395,1
GLM-WET,O2,WET,0.9130285909946927,1
GLM-WET,O2,GLM,0.9689408480195428,2
GLM-WET,O2,WET,0.9183359013867488,2
GLM-WET,O2,GLM,0.9678939103123364,3
GLM-WET,O2,WET,0.921075158363294,3
GLM-WET,O2,GLM,0.9684173791659396,4
GLM-WET,O2,WET,0.9200479369970895,4
GLM-WET,O2,GLM,0.9731285988483686,5
GLM-WET,O2,WET,0.9143982194829653,5
GLM-WET,O2,GLM,0.9698132961088816,6
GLM-WET,O2,WET,0.9186783085088169,6
GLM-WET,O2,GLM,0.9605653463618915,7
GLM-WET,O2,WET,0.9289505221708612,7
GLM-WET,O2,GLM,0.970860233816088,8
GLM-WET,O2,WET,0.9173086800205444,8
GLM-WET,O2,GLM,0.9712092130518234,9
GLM-WET,O2,WET,0.9178222907036466,9
GLM-WET,NH4,GLM,0.983423486302565,0
GLM-WET,NH4,WET,0.9149118301660675,0
GLM-WET,NH4,GLM,0.9839469551561683,1
GLM-WET,NH4,WET,0.9130285909946927,1
GLM-WET,NH4,GLM,0.9856918513348456,2
GLM-WET,NH4,WET,0.9078924841636706,2
GLM-WET,NH4,GLM,0.9846449136276392,3
GLM-WET,NH4,WET,0.9125149803115905,3
GLM-WET,NH4,GLM,0.9823765485953586,4
GLM-WET,NH4,WET,0.91628145865434,4
GLM-WET,NH4,GLM,0.9818530797417554,5
GLM-WET,NH4,WET,0.9179934942646807,5
GLM-WET,NH4,GLM,0.9837724655383004,6
GLM-WET,NH4,WET,0.9149118301660675,6
GLM-WET,NH4,GLM,0.9848194032455069,7
GLM-WET,NH4,WET,0.911316555384352,7
GLM-WET,NH4,GLM,0.9832489966846972,8
GLM-WET,NH4,WET,0.9152542372881356,8
GLM-WET,NH4,GLM,0.9844704240097715,9
GLM-WET,NH4,WET,0.9109741482622838,9
GLM-WET,RSI,GLM,0.9275868085848892,0
GLM-WET,RSI,WET,0.9024139702105803,0
GLM-WET,RSI,GLM,0.9239225266096667,1
GLM-WET,RSI,WET,0.9131997945557268,1
GLM-WET,RSI,GLM,0.9256674227883441,2
GLM-WET,RSI,WET,0.9084060948467728,2
GLM-WET,RSI,GLM,0.9254929331704763,3
GLM-WET,RSI,WET,0.9102893340181476,3
GLM-WET,RSI,GLM,0.9268888501134183,4
GLM-WET,RSI,WET,0.9058380414312618,4
GLM-WET,RSI,GLM,0.9265398708776827,5
GLM-WET,RSI,WET,0.9051532271871255,5
GLM-WET,RSI,GLM,0.923050078520328,6
GLM-WET,RSI,WET,0.9147406266050334,6
GLM-WET,RSI,GLM,0.9227010992845925,7
GLM-WET,RSI,WET,0.9150830337271015,7
GLM-WET,RSI,GLM,0.927761298202757,8
GLM-WET,RSI,WET,0.9025851737716144,8
GLM-WET,RSI,GLM,0.9242715058454022,9
GLM-WET,RSI,WET,0.9121725731895224,9
GLM-WET,T,GLM,0.6075728494154597,0
GLM-WET,T,WET,0.6247217942133196,0
GLM-WET,T,GLM,0.6948176583493282,1
GLM-WET,T,WET,0.5540147235062489,1
GLM-WET,T,GLM,0.7183737567614726,2
GLM-WET,T,WET,0.524567711008389,2
GLM-WET,T,GLM,0.5974524515791311,3
GLM-WET,T,WET,0.6290018832391714,3
GLM-WET,T,GLM,0.6620136101901937,4
GLM-WET,T,WET,0.5682246190720767,4
GLM-WET,T,GLM,0.6873146047810156,5
GLM-WET,T,WET,0.544256120527307,5
GLM-WET,T,GLM,0.7485604606525912,6
GLM-WET,T,WET,0.5190891970552988,6
GLM-WET,T,GLM,0.6196126330483336,7
GLM-WET,T,WET,0.6165040232836843,7
GLM-WET,T,GLM,0.655208515093352,8
GLM-WET,T,WET,0.5783256291730868,8
GLM-WET,T,GLM,0.6874890943988833,9
GLM-WET,T,WET,0.5398048279404212,9
GLM-WET,T+NUTR,GLM,0.8556970860233816,0
GLM-WET,T+NUTR,WET,0.6165040232836843,0
GLM-WET,T+NUTR,GLM,0.8811725702320712,1
GLM-WET,T+NUTR,WET,0.7329224447868515,1
GLM-WET,T+NUTR,GLM,0.8611062641772814,2
GLM-WET,T+NUTR,WET,0.615819209039548,2
GLM-WET,T+NUTR,GLM,0.8618042226487524,3
GLM-WET,T+NUTR,WET,0.7385721623009759,3
GLM-WET,T+NUTR,GLM,0.8862327691502355,4
GLM-WET,T+NUTR,WET,0.6135935627461051,4
GLM-WET,T+NUTR,GLM,0.8298726225789566,5
GLM-WET,T+NUTR,WET,0.6397877075843178,5
GLM-WET,T+NUTR,GLM,0.8506368871052172,6
GLM-WET,T+NUTR,WET,0.637733264851909,6
GLM-WET,T+NUTR,GLM,0.8300471121968243,7
GLM-WET,T+NUTR,WET,0.6615305598356446,7
GLM-WET,T+NUTR,GLM,0.8963531669865643,8
GLM-WET,T+NUTR,WET,0.7127204245848313,8
GLM-WET,T+NUTR,GLM,0.8361542488221951,9
GLM-WET,T+NUTR,WET,0.6500599212463619,9
GLM-WET,T+NUTR+MINOR,GLM,0.9764439015878555,0
GLM-WET,T+NUTR+MINOR,WET,0.9205615476801917,0
GLM-WET,T+NUTR+MINOR,GLM,0.9813296108881522,1
GLM-WET,T+NUTR+MINOR,WET,0.911487758945386,1
GLM-WET,T+NUTR+MINOR,GLM,0.974175536555575,2
GLM-WET,T+NUTR+MINOR,WET,0.9241568224619072,2
GLM-WET,T+NUTR+MINOR,GLM,0.9746990054091782,3
GLM-WET,T+NUTR+MINOR,WET,0.9224447868515665,3
GLM-WET,T+NUTR+MINOR,GLM,0.9581224917117431,4
GLM-WET,T+NUTR+MINOR,WET,0.9303201506591338,4
GLM-WET,T+NUTR+MINOR,GLM,0.9745245157913104,5
GLM-WET,T+NUTR+MINOR,WET,0.9221023797294984,5
GLM-WET,T+NUTR+MINOR,GLM,0.9797592043273425,6
GLM-WET,T+NUTR+MINOR,WET,0.9181646978257147,6
GLM-WET,T+NUTR+MINOR,GLM,0.9804571627988135,7
GLM-WET,T+NUTR+MINOR,WET,0.9106317411402157,7
GLM-WET,T+NUTR+MINOR,GLM,0.970162275344617,8
GLM-WET,T+NUTR+MINOR,WET,0.9270672829994864,8
GLM-WET,T+NUTR+MINOR,GLM,0.9804571627988135,9
GLM-WET,T+NUTR+MINOR,WET,0.9131997945557268,9
GLM-WET,T+NUTR+MINOR+SYSTEM,GLM,0.9951142906997034,0
GLM-WET,T+NUTR+MINOR+SYSTEM,WET,0.9835644581407293,0
GLM-WET,T+NUTR+MINOR+SYSTEM,GLM,0.996684697260513,1
GLM-WET,T+NUTR+MINOR+SYSTEM,WET,0.9835644581407293,1
GLM-WET,T+NUTR+MINOR+SYSTEM,GLM,0.9970336764962485,2
GLM-WET,T+NUTR+MINOR+SYSTEM,WET,0.9852764937510701,2
GLM-WET,T+NUTR+MINOR+SYSTEM,GLM,0.9951142906997034,3
GLM-WET,T+NUTR+MINOR+SYSTEM,WET,0.9849340866290018,3
GLM-WET,T+NUTR+MINOR+SYSTEM,GLM,0.9965102076426453,4
GLM-WET,T+NUTR+MINOR+SYSTEM,WET,0.9840780688238315,4
GLM-WET,T+NUTR+MINOR+SYSTEM,GLM,0.9937183737567614,5
GLM-WET,T+NUTR+MINOR+SYSTEM,WET,0.9828796438965931,5
GLM-WET,T+NUTR+MINOR+SYSTEM,GLM,0.9949398010818357,6
GLM-WET,T+NUTR+MINOR+SYSTEM,WET,0.9880157507276152,6
GLM-WET,T+NUTR+MINOR+SYSTEM,GLM,0.9961612284069098,7
GLM-WET,T+NUTR+MINOR+SYSTEM,WET,0.9839068652627975,7
GLM-WET,T+NUTR+MINOR+SYSTEM,GLM,0.9944163322282324,8
GLM-WET,T+NUTR+MINOR+SYSTEM,WET,0.9892141756548536,8
GLM-WET,T+NUTR+MINOR+SYSTEM,GLM,0.9965102076426453,9
GLM-WET,T+NUTR+MINOR+SYSTEM,WET,0.9857901044341723,9
GLM-SELMA,ZOOP,GLM,0.9743500261734427,0
GLM-SELMA,ZOOP,SELMAPROTBAS,0.9026018486819583,0
GLM-SELMA,ZOOP,GLM,0.9717326819054266,1
GLM-SELMA,ZOOP,SELMAPROTBAS,0.90705237932215,1
GLM-SELMA,ZOOP,GLM,0.9752224742627814,2
GLM-SELMA,ZOOP,SELMAPROTBAS,0.9012324546388223,2
GLM-SELMA,ZOOP,GLM,0.9724306403768975,3
GLM-SELMA,ZOOP,SELMAPROTBAS,0.9044847654912701,3
GLM-SELMA,ZOOP,GLM,0.9692898272552783,4
GLM-SELMA,ZOOP,SELMAPROTBAS,0.9116740842177337,4
GLM-SELMA,ZOOP,GLM,0.9703367649624848,5
GLM-SELMA,ZOOP,SELMAPROTBAS,0.9092776446422458,5
GLM-SELMA,ZOOP,GLM,0.9726051299947653,6
GLM-SELMA,ZOOP,SELMAPROTBAS,0.9044847654912701,6
GLM-SELMA,ZOOP,GLM,0.9731285988483686,7
GLM-SELMA,ZOOP,SELMAPROTBAS,0.9036288942143101,7
GLM-SELMA,ZOOP,GLM,0.9703367649624848,8
GLM-SELMA,ZOOP,SELMAPROTBAS,0.9087641218760698,8
GLM-SELMA,ZOOP,GLM,0.9729541092305007,9
GLM-SELMA,ZOOP,SELMAPROTBAS,0.9034577199589182,9
GLM-SELMA,CHLA,GLM,0.9291572151456988,0
GLM-SELMA,CHLA,SELMAPROTBAS,0.6923998630605956,0
GLM-SELMA,CHLA,GLM,0.9267143604955506,1
GLM-SELMA,CHLA,SELMAPROTBAS,0.6977062649777473,1
GLM-SELMA,CHLA,GLM,0.9225266096667248,2
GLM-SELMA,CHLA,SELMAPROTBAS,0.7072920232796988,2
GLM-SELMA,CHLA,GLM,0.9165939626592218,3
GLM-SELMA,CHLA,SELMAPROTBAS,0.7158507360492982,3
GLM-SELMA,CHLA,GLM,0.9317745594137149,4
GLM-SELMA,CHLA,SELMAPROTBAS,0.6862375898664841,4
GLM-SELMA,CHLA,GLM,0.9260164020240795,5
GLM-SELMA,CHLA,SELMAPROTBAS,0.6980486134885313,5
GLM-SELMA,CHLA,GLM,0.9368347583318792,6
GLM-SELMA,CHLA,SELMAPROTBAS,0.672885997945909,6
GLM-SELMA,CHLA,GLM,0.9167684522770895,7
GLM-SELMA,CHLA,SELMAPROTBAS,0.7144813420061623,7
GLM-SELMA,CHLA,GLM,0.9249694643168731,8
GLM-SELMA,CHLA,SELMAPROTBAS,0.7013009243409791,8
GLM-SELMA,CHLA,GLM,0.931076600942244,9
GLM-SELMA,CHLA,SELMAPROTBAS,0.6881205066757959,9
GLM-SELMA,NO3,GLM,0.8363287384400628,0
GLM-SELMA,NO3,SELMAPROTBAS,0.9084217733652858,0
GLM-SELMA,NO3,GLM,0.8249869132786599,1
GLM-SELMA,NO3,SELMAPROTBAS,0.9197192742211572,1
GLM-SELMA,NO3,GLM,0.8356307799685919,2
GLM-SELMA,NO3,SELMAPROTBAS,0.9085929476206779,2
GLM-SELMA,NO3,GLM,0.8253358925143954,3
GLM-SELMA,NO3,SELMAPROTBAS,0.9188634029441972,3
GLM-SELMA,NO3,GLM,0.8300471121968243,4
GLM-SELMA,NO3,SELMAPROTBAS,0.9156110920917494,4
GLM-SELMA,NO3,GLM,0.8319664979933694,5
GLM-SELMA,NO3,SELMAPROTBAS,0.9120164327285176,5
GLM-SELMA,NO3,GLM,0.8300471121968243,6
GLM-SELMA,NO3,SELMAPROTBAS,0.9149263950701815,6
GLM-SELMA,NO3,GLM,0.8417379165939627,7
GLM-SELMA,NO3,SELMAPROTBAS,0.9022595001711743,7
GLM-SELMA,NO3,GLM,0.8232420170999826,8
GLM-SELMA,NO3,SELMAPROTBAS,0.921431016775077,8
GLM-SELMA,NO3,GLM,0.8314430291397662,9
GLM-SELMA,NO3,SELMAPROTBAS,0.9130434782608695,9
GLM-SELMA,PO4,GLM,0.9499214796719595,0
GLM-SELMA,PO4,SELMAPROTBAS,0.9020883259157823,0
GLM-SELMA,PO4,GLM,0.9527133135578433,1
GLM-SELMA,PO4,SELMAPROTBAS,0.8988360150633344,1
GLM-SELMA,PO4,GLM,0.9551561682079917,2
GLM-SELMA,PO4,SELMAPROTBAS,0.8964395754878466,2
GLM-SELMA,PO4,GLM,0.9438143430465887,3
GLM-SELMA,PO4,SELMAPROTBAS,0.907394727832934,3
GLM-SELMA,PO4,GLM,0.9537602512650497,4
GLM-SELMA,PO4,SELMAPROTBAS,0.8983224922971585,4
GLM-SELMA,PO4,GLM,0.956901064386669,5
GLM-SELMA,PO4,SELMAPROTBAS,0.8952413557001027,5
GLM-SELMA,PO4,GLM,0.9558541266794626,6
GLM-SELMA,PO4,SELMAPROTBAS,0.8954125299554947,6
GLM-SELMA,PO4,GLM,0.9560286162973303,7
GLM-SELMA,PO4,SELMAPROTBAS,0.8955837042108867,7
GLM-SELMA,PO4,GLM,0.956901064386669,8
GLM-SELMA,PO4,SELMAPROTBAS,0.8948990071893187,8
GLM-SELMA,PO4,GLM,0.9467806665503402,9
GLM-SELMA,PO4,SELMAPROTBAS,0.905169462512838,9
GLM-SELMA,O2,GLM,0.9417204676321759,0
GLM-SELMA,O2,SELMAPROTBAS,0.6376241013351592,0
GLM-SELMA,O2,GLM,0.9481765834932822,1
GLM-SELMA,O2,SELMAPROTBAS,0.6268401232454639,1
GLM-SELMA,O2,GLM,0.946955156168208,2
GLM-SELMA,O2,SELMAPROTBAS,0.6282095172885998,2
GLM-SELMA,O2,GLM,0.9394521025998953,3
GLM-SELMA,O2,SELMAPROTBAS,0.639849366655255,3
GLM-SELMA,O2,GLM,0.943639853428721,4
GLM-SELMA,O2,SELMAPROTBAS,0.6345429647381033,4
GLM-SELMA,O2,GLM,0.9493980108183563,5
GLM-SELMA,O2,SELMAPROTBAS,0.62478603218076,5
GLM-SELMA,O2,GLM,0.9448612807537952,6
GLM-SELMA,O2,SELMAPROTBAS,0.6319753509072236,6
GLM-SELMA,O2,GLM,0.9483510731111499,7
GLM-SELMA,O2,SELMAPROTBAS,0.6266689489900719,7
GLM-SELMA,O2,GLM,0.9474786250218112,8
GLM-SELMA,O2,SELMAPROTBAS,0.6280383430332078,8
GLM-SELMA,O2,GLM,0.9542837201186529,9
GLM-SELMA,O2,SELMAPROTBAS,0.6175967134542965,9
GLM-SELMA,NH4,GLM,0.9905775606351422,0
GLM-SELMA,NH4,SELMAPROTBAS,0.9299897295446765,0
GLM-SELMA,NH4,GLM,0.9961612284069098,1
GLM-SELMA,NH4,SELMAPROTBAS,0.921944539541253,1
GLM-SELMA,NH4,GLM,0.993369394521026,2
GLM-SELMA,NH4,SELMAPROTBAS,0.9262238959260527,2
GLM-SELMA,NH4,GLM,0.9926714360495551,3
GLM-SELMA,NH4,SELMAPROTBAS,0.9274221157137966,3
GLM-SELMA,NH4,GLM,0.9837724655383004,4
GLM-SELMA,NH4,SELMAPROTBAS,0.9335843889079083,4
GLM-SELMA,NH4,GLM,0.9851683824812424,5
GLM-SELMA,NH4,SELMAPROTBAS,0.9330708661417323,5
GLM-SELMA,NH4,GLM,0.9877857267492585,6
GLM-SELMA,NH4,SELMAPROTBAS,0.9317014720985963,6
GLM-SELMA,NH4,GLM,0.9928459256674228,7
GLM-SELMA,NH4,SELMAPROTBAS,0.9262238959260527,7
GLM-SELMA,NH4,GLM,0.9912755191066132,8
GLM-SELMA,NH4,SELMAPROTBAS,0.9274221157137966,8
GLM-SELMA,NH4,GLM,0.9895306229279358,9
GLM-SELMA,NH4,SELMAPROTBAS,0.9308456008216365,9
GLM-SELMA,RSI,GLM,0.9186878380736346,0
GLM-SELMA,RSI,SELMAPROTBAS,0.8812050667579596,0
GLM-SELMA,RSI,GLM,0.9179898796021637,1
GLM-SELMA,RSI,SELMAPROTBAS,0.8825744608010955,1
GLM-SELMA,RSI,GLM,0.9172919211306927,2
GLM-SELMA,RSI,SELMAPROTBAS,0.8839438548442314,2
GLM-SELMA,RSI,GLM,0.9247949746990054,3
GLM-SELMA,RSI,SELMAPROTBAS,0.8678534748373845,3
GLM-SELMA,RSI,GLM,0.9153725353341476,4
GLM-SELMA,RSI,SELMAPROTBAS,0.8877096884628551,4
GLM-SELMA,RSI,GLM,0.9197347757808411,5
GLM-SELMA,RSI,SELMAPROTBAS,0.8777815816501198,5
GLM-SELMA,RSI,GLM,0.9195602861629733,6
GLM-SELMA,RSI,SELMAPROTBAS,0.8791509756932557,6
GLM-SELMA,RSI,GLM,0.927063339731286,7
GLM-SELMA,RSI,SELMAPROTBAS,0.8586100650462171,7
GLM-SELMA,RSI,GLM,0.9223521200488571,8
GLM-SELMA,RSI,SELMAPROTBAS,0.8729887024991442,8
GLM-SELMA,RSI,GLM,0.9195602861629733,9
GLM-SELMA,RSI,SELMAPROTBAS,0.8789798014378637,9
GLM-SELMA,T,GLM,0.6874890943988833,0
GLM-SELMA,T,SELMAPROTBAS,0.5720643615200274,0
GLM-SELMA,T,GLM,0.6075728494154597,1
GLM-SELMA,T,SELMAPROTBAS,0.640191715166039,1
GLM-SELMA,T,GLM,0.6709125807014482,2
GLM-SELMA,T,SELMAPROTBAS,0.5980828483396097,2
GLM-SELMA,T,GLM,0.6217065084627464,3
GLM-SELMA,T,SELMAPROTBAS,0.6422458062307429,3
GLM-SELMA,T,GLM,0.6653289129296807,4
GLM-SELMA,T,SELMAPROTBAS,0.5951728859979459,4
GLM-SELMA,T,GLM,0.6679462571976967,5
GLM-SELMA,T,SELMAPROTBAS,0.6015063334474495,5
GLM-SELMA,T,GLM,0.6819054266271157,6
GLM-SELMA,T,SELMAPROTBAS,0.5855871276959945,6
GLM-SELMA,T,GLM,0.6541615773861456,7
GLM-SELMA,T,SELMAPROTBAS,0.6143444026018486,7
GLM-SELMA,T,GLM,0.5984993892863375,8
GLM-SELMA,T,SELMAPROTBAS,0.6506333447449504,8
GLM-SELMA,T,GLM,0.6951666375850637,9
GLM-SELMA,T,SELMAPROTBAS,0.5705237932214995,9
GLM-SELMA,T+NUTR,GLM,0.9658000348979235,0
GLM-SELMA,T+NUTR,SELMAPROTBAS,0.9897295446764807,0
GLM-SELMA,T+NUTR,GLM,0.9523643343221079,1
GLM-SELMA,T+NUTR,SELMAPROTBAS,0.9965765148921603,1
GLM-SELMA,T+NUTR,GLM,0.963531669865643,2
GLM-SELMA,T+NUTR,SELMAPROTBAS,0.9900718931872646,2
GLM-SELMA,T+NUTR,GLM,0.9654510556621881,3
GLM-SELMA,T+NUTR,SELMAPROTBAS,0.9885313248887367,3
GLM-SELMA,T+NUTR,GLM,0.9617867736869656,4
GLM-SELMA,T+NUTR,SELMAPROTBAS,0.9885313248887367,4
GLM-SELMA,T+NUTR,GLM,0.9591694294189496,5
GLM-SELMA,T+NUTR,SELMAPROTBAS,0.9916124614857925,5
GLM-SELMA,T+NUTR,GLM,0.9631826906299075,6
GLM-SELMA,T+NUTR,SELMAPROTBAS,0.9912701129750086,6
GLM-SELMA,T+NUTR,GLM,0.9528878031757111,7
GLM-SELMA,T+NUTR,SELMAPROTBAS,0.9943512495720643,7
GLM-SELMA,T+NUTR,GLM,0.9520153550863724,8
GLM-SELMA,T+NUTR,SELMAPROTBAS,0.9938377268058884,8
GLM-SELMA,T+NUTR,GLM,0.9504449485255627,9
GLM-SELMA,T+NUTR,SELMAPROTBAS,0.9878466278671688,9
GLM-SELMA,T+NUTR+MINOR,GLM,0.9733030884662363,0
GLM-SELMA,T+NUTR+MINOR,SELMAPROTBAS,0.9833960972269771,0
GLM-SELMA,T+NUTR+MINOR,GLM,0.9771418600593265,1
GLM-SELMA,T+NUTR+MINOR,SELMAPROTBAS,0.9830537487161931,1
GLM-SELMA,T+NUTR+MINOR,GLM,0.970860233816088,2
GLM-SELMA,T+NUTR+MINOR,SELMAPROTBAS,0.9857925368024649,2
GLM-SELMA,T+NUTR+MINOR,GLM,0.9733030884662363,3
GLM-SELMA,T+NUTR+MINOR,SELMAPROTBAS,0.9861348853132489,3
GLM-SELMA,T+NUTR+MINOR,GLM,0.9729541092305007,4
GLM-SELMA,T+NUTR+MINOR,SELMAPROTBAS,0.9839096199931531,4
GLM-SELMA,T+NUTR+MINOR,GLM,0.9771418600593265,5
GLM-SELMA,T+NUTR+MINOR,SELMAPROTBAS,0.9786032180760014,5
GLM-SELMA,T+NUTR+MINOR,GLM,0.9745245157913104,6
GLM-SELMA,T+NUTR+MINOR,SELMAPROTBAS,0.9772338240328654,6
GLM-SELMA,T+NUTR+MINOR,GLM,0.9717326819054266,7
GLM-SELMA,T+NUTR+MINOR,SELMAPROTBAS,0.9787743923313934,7
GLM-SELMA,T+NUTR+MINOR,GLM,0.9687663584016751,8
GLM-SELMA,T+NUTR+MINOR,SELMAPROTBAS,0.9830537487161931,8
GLM-SELMA,T+NUTR+MINOR,GLM,0.9764439015878555,9
GLM-SELMA,T+NUTR+MINOR,SELMAPROTBAS,0.9804861348853132,9
GLM-SELMA,T+NUTR+MINOR+SYSTEM,GLM,0.9809806316524167,0
GLM-SELMA,T+NUTR+MINOR+SYSTEM,SELMAPROTBAS,0.9982882574460801,0
GLM-SELMA,T+NUTR+MINOR+SYSTEM,GLM,0.9879602163671262,1
GLM-SELMA,T+NUTR+MINOR+SYSTEM,SELMAPROTBAS,0.9984594317014721,1
GLM-SELMA,T+NUTR+MINOR+SYSTEM,GLM,0.9848194032455069,2
GLM-SELMA,T+NUTR+MINOR+SYSTEM,SELMAPROTBAS,0.9981170831906881,2
GLM-SELMA,T+NUTR+MINOR+SYSTEM,GLM,0.9785377770022684,3
GLM-SELMA,T+NUTR+MINOR+SYSTEM,SELMAPROTBAS,0.999828825744608,3
GLM-SELMA,T+NUTR+MINOR+SYSTEM,GLM,0.9839469551561683,4
GLM-SELMA,T+NUTR+MINOR+SYSTEM,SELMAPROTBAS,0.9988017802122561,4
GLM-SELMA,T+NUTR+MINOR+SYSTEM,GLM,0.9832489966846972,5
GLM-SELMA,T+NUTR+MINOR+SYSTEM,SELMAPROTBAS,0.9982882574460801,5
GLM-SELMA,T+NUTR+MINOR+SYSTEM,GLM,0.9829000174489618,6
GLM-SELMA,T+NUTR+MINOR+SYSTEM,SELMAPROTBAS,0.9977747346799042,6
GLM-SELMA,T+NUTR+MINOR+SYSTEM,GLM,0.9914500087244809,7
GLM-SELMA,T+NUTR+MINOR+SYSTEM,SELMAPROTBAS,0.9981170831906881,7
GLM-SELMA,T+NUTR+MINOR+SYSTEM,GLM,0.9839469551561683,8
GLM-SELMA,T+NUTR+MINOR+SYSTEM,SELMAPROTBAS,0.9977747346799042,8
GLM-SELMA,T+NUTR+MINOR+SYSTEM,GLM,0.9835979759204327,9
GLM-SELMA,T+NUTR+MINOR+SYSTEM,SELMAPROTBAS,0.99914412872304,9
WET-SELMA,ZOOP,SELMAPROTBAS,0.7947620677850051,0
WET-SELMA,ZOOP,WET,0.7370313302516692,0
WET-SELMA,ZOOP,SELMAPROTBAS,0.7583019513865115,1
WET-SELMA,ZOOP,WET,0.7690463961650402,1
WET-SELMA,ZOOP,SELMAPROTBAS,0.7841492639507018,2
WET-SELMA,ZOOP,WET,0.7493579866461222,2
WET-SELMA,ZOOP,SELMAPROTBAS,0.7834645669291339,3
WET-SELMA,ZOOP,WET,0.7491867830850881,3
WET-SELMA,ZOOP,SELMAPROTBAS,0.7956179390619651,4
WET-SELMA,ZOOP,WET,0.7401129943502824,4
WET-SELMA,ZOOP,SELMAPROTBAS,0.796987333105101,5
WET-SELMA,ZOOP,WET,0.7356617017633966,5
WET-SELMA,ZOOP,SELMAPROTBAS,0.7827798699075659,6
WET-SELMA,ZOOP,WET,0.7505564115733607,6
WET-SELMA,ZOOP,SELMAPROTBAS,0.7901403628894215,7
WET-SELMA,ZOOP,WET,0.7425098442047594,7
WET-SELMA,ZOOP,SELMAPROTBAS,0.7767887709688462,8
WET-SELMA,ZOOP,WET,0.7555213148433487,8
WET-SELMA,ZOOP,SELMAPROTBAS,0.8007531667237248,9
WET-SELMA,ZOOP,WET,0.7353192946413285,9
WET-SELMA,CHLA,SELMAPROTBAS,0.7377610407394728,0
WET-SELMA,CHLA,WET,0.8262283855504194,0
WET-SELMA,CHLA,SELMAPROTBAS,0.734166381376241,1
WET-SELMA,CHLA,WET,0.8315356959424756,1
WET-SELMA,CHLA,SELMAPROTBAS,0.7353646011639849,2
WET-SELMA,CHLA,WET,0.8287964389659305,2
WET-SELMA,CHLA,SELMAPROTBAS,0.734337555631633,3
WET-SELMA,CHLA,WET,0.8311932888204074,3
WET-SELMA,CHLA,SELMAPROTBAS,0.7374186922286888,4
WET-SELMA,CHLA,WET,0.8263995891114535,4
WET-SELMA,CHLA,SELMAPROTBAS,0.7321122903115371,5
WET-SELMA,CHLA,WET,0.8365005992124637,5
WET-SELMA,CHLA,SELMAPROTBAS,0.7381033892502568,6
WET-SELMA,CHLA,WET,0.825029960623181,6
WET-SELMA,CHLA,SELMAPROTBAS,0.7290311537144814,7
WET-SELMA,CHLA,WET,0.8406094846772812,7
WET-SELMA,CHLA,SELMAPROTBAS,0.7381033892502568,8
WET-SELMA,CHLA,WET,0.8243451463790447,8
WET-SELMA,CHLA,SELMAPROTBAS,0.735022252653201,9
WET-SELMA,CHLA,WET,0.8305084745762712,9
WET-SELMA,NO3,SELMAPROTBAS,0.938206093803492,0
WET-SELMA,NO3,WET,0.7911316555384352,0
WET-SELMA,NO3,SELMAPROTBAS,0.9347826086956522,1
WET-SELMA,NO3,WET,0.7950693374422187,1
WET-SELMA,NO3,SELMAPROTBAS,0.9477918521054434,2
WET-SELMA,NO3,WET,0.7767505564115733,2
WET-SELMA,NO3,SELMAPROTBAS,0.9390619650804519,3
WET-SELMA,NO3,WET,0.7909604519774012,3
WET-SELMA,NO3,SELMAPROTBAS,0.9397466621020198,4
WET-SELMA,NO3,WET,0.7901044341722308,4
WET-SELMA,NO3,SELMAPROTBAS,0.922458062307429,5
WET-SELMA,NO3,WET,0.8108200650573532,5
WET-SELMA,NO3,SELMAPROTBAS,0.9282779869907566,6
WET-SELMA,NO3,WET,0.8043143297380585,6
WET-SELMA,NO3,SELMAPROTBAS,0.9322149948647723,7
WET-SELMA,NO3,WET,0.7996918335901386,7
WET-SELMA,NO3,SELMAPROTBAS,0.938719616569668,8
WET-SELMA,NO3,WET,0.7911316555384352,8
WET-SELMA,NO3,SELMAPROTBAS,0.9418007531667237,9
WET-SELMA,NO3,WET,0.7859955487074131,9
WET-SELMA,PO4,SELMAPROTBAS,0.8688805203697364,0
WET-SELMA,PO4,WET,0.9308337613422359,0
WET-SELMA,PO4,SELMAPROTBAS,0.8731598767545361,1
WET-SELMA,PO4,WET,0.9274096901215545,1
WET-SELMA,PO4,SELMAPROTBAS,0.874871619308456,2
WET-SELMA,PO4,WET,0.9251840438281116,2
WET-SELMA,PO4,SELMAPROTBAS,0.8731598767545361,3
WET-SELMA,PO4,WET,0.9272384865605204,3
WET-SELMA,PO4,SELMAPROTBAS,0.8813762410133515,4
WET-SELMA,PO4,WET,0.9197055298750214,4
WET-SELMA,PO4,SELMAPROTBAS,0.8729887024991442,5
WET-SELMA,PO4,WET,0.9267248758774183,5
WET-SELMA,PO4,SELMAPROTBAS,0.8805203697363917,6
WET-SELMA,PO4,WET,0.9200479369970895,6
WET-SELMA,PO4,SELMAPROTBAS,0.8728175282437521,7
WET-SELMA,PO4,WET,0.9275808936825886,7
WET-SELMA,PO4,SELMAPROTBAS,0.8702499144128722,8
WET-SELMA,PO4,WET,0.9299777435370655,8
WET-SELMA,PO4,SELMAPROTBAS,0.8740157480314961,9
WET-SELMA,PO4,WET,0.9255264509501797,9
WET-SELMA,O2,SELMAPROTBAS,0.7523108524477918,0
WET-SELMA,O2,WET,0.6991953432631399,0
WET-SELMA,O2,SELMAPROTBAS,0.7639507018144471,1
WET-SELMA,O2,WET,0.6843006334531758,1
WET-SELMA,O2,SELMAPROTBAS,0.75042793563848,2
WET-SELMA,O2,WET,0.7021058038007191,2
WET-SELMA,O2,SELMAPROTBAS,0.6266689489900719,3
WET-SELMA,O2,WET,0.7724704673857217,3
WET-SELMA,O2,SELMAPROTBAS,0.7040397124272509,4
WET-SELMA,O2,WET,0.7520972436226674,4
WET-SELMA,O2,SELMAPROTBAS,0.7319411160561452,5
WET-SELMA,O2,WET,0.724191063174114,5
WET-SELMA,O2,SELMAPROTBAS,0.7091749400890106,6
WET-SELMA,O2,WET,0.7497003937681904,6
WET-SELMA,O2,SELMAPROTBAS,0.750256761383088,7
WET-SELMA,O2,WET,0.699366546824174,7
WET-SELMA,O2,SELMAPROTBAS,0.7266347141389935,8
WET-SELMA,O2,WET,0.731552816298579,8
WET-SELMA,O2,SELMAPROTBAS,0.7297158507360493,9
WET-SELMA,O2,WET,0.7253894881013525,9
WET-SELMA,NH4,SELMAPROTBAS,0.9565217391304348,0
WET-SELMA,NH4,WET,0.9640472521828454,0
WET-SELMA,NH4,SELMAPROTBAS,0.9525847312564191,1
WET-SELMA,NH4,WET,0.9664441020373223,1
WET-SELMA,NH4,SELMAPROTBAS,0.9554946935980828,2
WET-SELMA,NH4,WET,0.9649032699880158,2
WET-SELMA,NH4,SELMAPROTBAS,0.9556658678534748,3
WET-SELMA,NH4,WET,0.9650744735490498,3
WET-SELMA,NH4,SELMAPROTBAS,0.951900034234851,4
WET-SELMA,NH4,WET,0.9674713234035268,4
WET-SELMA,NH4,SELMAPROTBAS,0.951900034234851,5
WET-SELMA,NH4,WET,0.9676425269645609,5
WET-SELMA,NH4,SELMAPROTBAS,0.9590893529613146,6
WET-SELMA,NH4,WET,0.9633624379387091,6
WET-SELMA,NH4,SELMAPROTBAS,0.9505306401917152,7
WET-SELMA,NH4,WET,0.9690121554528334,7
WET-SELMA,NH4,SELMAPROTBAS,0.9508729887024991,8
WET-SELMA,NH4,WET,0.9678137305255949,8
WET-SELMA,NH4,SELMAPROTBAS,0.9483053748716193,9
WET-SELMA,NH4,WET,0.9712378017462763,9
WET-SELMA,RSI,SELMAPROTBAS,0.7783293392673741,0
WET-SELMA,RSI,WET,0.7074131141927752,0
WET-SELMA,RSI,SELMAPROTBAS,0.7742211571379665,1
WET-SELMA,RSI,WET,0.7149460708782742,1
WET-SELMA,RSI,SELMAPROTBAS,0.7856898322492297,2
WET-SELMA,RSI,WET,0.7009073788734805,2
WET-SELMA,RSI,SELMAPROTBAS,0.7781581650119822,3
WET-SELMA,RSI,WET,0.7079267248758774,3
WET-SELMA,RSI,SELMAPROTBAS,0.7887709688462855,4
WET-SELMA,RSI,WET,0.6979969183359014,4
WET-SELMA,RSI,SELMAPROTBAS,0.7776446422458062,5
WET-SELMA,RSI,WET,0.7108371854134566,5
WET-SELMA,RSI,SELMAPROTBAS,0.7725094145840465,6
WET-SELMA,RSI,WET,0.7183701420989557,6
WET-SELMA,RSI,SELMAPROTBAS,0.7781581650119822,7
WET-SELMA,RSI,WET,0.7079267248758774,7
WET-SELMA,RSI,SELMAPROTBAS,0.7774734679904143,8
WET-SELMA,RSI,WET,0.7103235747303543,8
WET-SELMA,RSI,SELMAPROTBAS,0.7745635056487504,9
WET-SELMA,RSI,WET,0.714432460195172,9
WET-SELMA,T,SELMAPROTBAS,0.4436836699760356,0
WET-SELMA,T,WET,0.6002396849854477,0
WET-SELMA,T,SELMAPROTBAS,0.32591578226634715,1
WET-SELMA,T,WET,0.706899503509673,1
WET-SELMA,T,SELMAPROTBAS,0.43409791167408424,2
WET-SELMA,T,WET,0.6076014381099127,2
WET-SELMA,T,SELMAPROTBAS,0.359294762067785,3
WET-SELMA,T,WET,0.6801917479883581,3
WET-SELMA,T,SELMAPROTBAS,0.45207120849024307,4
WET-SELMA,T,WET,0.5872282143468585,4
WET-SELMA,T,SELMAPROTBAS,0.4881889763779528,5
WET-SELMA,T,WET,0.5572675911658963,5
WET-SELMA,T,SELMAPROTBAS,0.5200273878808627,6
WET-SELMA,T,WET,0.5324430748159562,6
WET-SELMA,T,SELMAPROTBAS,0.5253337897980144,7
WET-SELMA,T,WET,0.5144667009073789,7
WET-SELMA,T,SELMAPROTBAS,0.32677165354330706,8
WET-SELMA,T,WET,0.7130628317068995,8
WET-SELMA,T,SELMAPROTBAS,0.46182814104758646,9
WET-SELMA,T,WET,0.5796952576613593,9
WET-SELMA,T+NUTR,SELMAPROTBAS,0.9635398836015063,0
WET-SELMA,T+NUTR,WET,0.9407635678822119,0
WET-SELMA,T+NUTR,SELMAPROTBAS,0.968675111263266,1
WET-SELMA,T+NUTR,WET,0.9291217257318952,1
WET-SELMA,T+NUTR,SELMAPROTBAS,0.9491612461485792,2
WET-SELMA,T+NUTR,WET,0.9503509673001198,2
WET-SELMA,T+NUTR,SELMAPROTBAS,0.9618281410475864,3
WET-SELMA,T+NUTR,WET,0.9366546824173942,3
WET-SELMA,T+NUTR,SELMAPROTBAS,0.9671345429647381,4
WET-SELMA,T+NUTR,WET,0.9322033898305084,4
WET-SELMA,T+NUTR,SELMAPROTBAS,0.9599452242382746,5
WET-SELMA,T+NUTR,WET,0.9429892141756548,5
WET-SELMA,T+NUTR,SELMAPROTBAS,0.9594317014720986,6
WET-SELMA,T+NUTR,WET,0.9342578325629173,6
WET-SELMA,T+NUTR,SELMAPROTBAS,0.9582334816843546,7
WET-SELMA,T+NUTR,WET,0.9423043999315186,7
WET-SELMA,T+NUTR,SELMAPROTBAS,0.9676480657309141,8
WET-SELMA,T+NUTR,WET,0.9349426468070536,8
WET-SELMA,T+NUTR,SELMAPROTBAS,0.9503594659363231,9
WET-SELMA,T+NUTR,WET,0.9527478171545968,9
WET-SELMA,T+NUTR+MINOR,SELMAPROTBAS,0.9883601506333447,0
WET-SELMA,T+NUTR+MINOR,WET,0.9919534326313987,0
WET-SELMA,T+NUTR+MINOR,SELMAPROTBAS,0.9868195823348168,1
WET-SELMA,T+NUTR+MINOR,WET,0.9787707584317754,1
WET-SELMA,T+NUTR+MINOR,SELMAPROTBAS,0.9909277644642246,2
WET-SELMA,T+NUTR+MINOR,WET,0.990070193460024,2
WET-SELMA,T+NUTR+MINOR,SELMAPROTBAS,0.9910989387196165,3
WET-SELMA,T+NUTR+MINOR,WET,0.9883581578496833,3
WET-SELMA,T+NUTR+MINOR,SELMAPROTBAS,0.9794590893529613,4
WET-SELMA,T+NUTR+MINOR,WET,0.9887005649717514,4
WET-SELMA,T+NUTR+MINOR,SELMAPROTBAS,0.985107839780897,5
WET-SELMA,T+NUTR+MINOR,WET,0.9739770587228215,5
WET-SELMA,T+NUTR+MINOR,SELMAPROTBAS,0.9859637110578569,6
WET-SELMA,T+NUTR+MINOR,WET,0.9792843691148776,6
WET-SELMA,T+NUTR+MINOR,SELMAPROTBAS,0.983224922971585,7
WET-SELMA,T+NUTR+MINOR,WET,0.9907550077041603,7
WET-SELMA,T+NUTR+MINOR,SELMAPROTBAS,0.9893871961656967,8
WET-SELMA,T+NUTR+MINOR,WET,0.9878445471665811,8
WET-SELMA,T+NUTR+MINOR,SELMAPROTBAS,0.9928106812735364,9
WET-SELMA,T+NUTR+MINOR,WET,0.9885293614107173,9
WET-SELMA,T+NUTR+MINOR+SYSTEM,SELMAPROTBAS,0.9965765148921603,0
WET-SELMA,T+NUTR+MINOR+SYSTEM,WET,0.9871597329224447,0
WET-SELMA,T+NUTR+MINOR+SYSTEM,SELMAPROTBAS,0.9933242040397124,1
WET-SELMA,T+NUTR+MINOR+SYSTEM,WET,0.9890429720938195,1
WET-SELMA,T+NUTR+MINOR+SYSTEM,SELMAPROTBAS,0.9946935980828483,2
WET-SELMA,T+NUTR+MINOR+SYSTEM,WET,0.9854476973121041,2
WET-SELMA,T+NUTR+MINOR+SYSTEM,SELMAPROTBAS,0.9905854159534406,3
WET-SELMA,T+NUTR+MINOR+SYSTEM,WET,0.9852764937510701,3
WET-SELMA,T+NUTR+MINOR+SYSTEM,SELMAPROTBAS,0.9931530297843204,4
WET-SELMA,T+NUTR+MINOR+SYSTEM,WET,0.975346687211094,4
WET-SELMA,T+NUTR+MINOR+SYSTEM,SELMAPROTBAS,0.9936665525504964,5
WET-SELMA,T+NUTR+MINOR+SYSTEM,WET,0.9821948296524567,5
WET-SELMA,T+NUTR+MINOR+SYSTEM,SELMAPROTBAS,0.9943512495720643,6
WET-SELMA,T+NUTR+MINOR+SYSTEM,WET,0.9827084403355589,6
WET-SELMA,T+NUTR+MINOR+SYSTEM,SELMAPROTBAS,0.9881889763779528,7
WET-SELMA,T+NUTR+MINOR+SYSTEM,WET,0.9902413970210581,7
WET-SELMA,T+NUTR+MINOR+SYSTEM,SELMAPROTBAS,0.9957206436152003,8
WET-SELMA,T+NUTR+MINOR+SYSTEM,WET,0.9895565827769217,8
WET-SELMA,T+NUTR+MINOR+SYSTEM,SELMAPROTBAS,0.9890448476549127,9
WET-SELMA,T+NUTR+MINOR+SYSTEM,WET,0.9839068652627975,9
